ID,Name,Associated Groups,Description,Attribution
G0018,admin@338,,"admin@338 is a China-based cyber threat group. It has previously used newsworthy events as lures to deliver malware and has primarily targeted organizations involved in financial, economic, and trade policy, typically using publicly available RATs such as PoisonIvy, as well as some non-public backdoors.",China
G1030,Agrius,"Pink Sandstorm, AMERICIUM, Agonizing Serpens, BlackShadow","Agrius is an Iranian threat actor active since 2020 notable for a series of ransomware and wiper operations in the Middle East, with an emphasis on Israeli targets. Public reporting has linked Agrius to Iran's Ministry of Intelligence and Security (MOIS).",Iran
G0130,Ajax Security Team,"Operation Woolen-Goldfish, AjaxTM, Rocket Kitten, Flying Kitten, Operation Saffron Rose",Ajax Security Team is a group that has been active since at least 2010 and believed to be operating out of Iran. By 2014 Ajax Security Team transitioned from website defacement operations to malware-based cyber espionage campaigns targeting the US defense industrial base and Iranian users of anti-censorship technologies.,Iran
G1024,Akira,"GOLD SAHARA, PUNK SPIDER, Howling Scorpius","Akira is a ransomware variant and ransomware deployment entity active since at least March 2023. Akira uses compromised credentials to access single-factor external access mechanisms such as VPNs for initial access, then various publicly-available tools and techniques for lateral movement. Akira operations are associated with ""double extortion"" ransomware activity, where data is exfiltrated from victim environments prior to encryption, with threats to publish files if a ransom is not paid. Technical analysis of Akira ransomware indicates variants capable of targeting Windows or VMWare ESXi hypervisors and multiple overlaps with Conti ransomware.",Cyber Crime
G1000,ALLANITE,Palmetto Fusion,"ALLANITE is a suspected Russian cyber espionage group, that has primarily targeted the electric utility sector within the United States and United Kingdom. The group's tactics and techniques are reportedly similar to Dragonfly, although ALLANITEs technical capabilities have not exhibited disruptive or destructive abilities. It has been suggested that the group maintains a presence in ICS for the purpose of gaining understanding of processes and to maintain persistence.",Russia
G0138,Andariel,"Silent Chollima, PLUTONIUM, Onyx Sleet","Andariel is a North Korean state-sponsored threat group that has been active since at least 2009. Andariel has primarily focused its operations--which have included destructive attacks--against South Korean government agencies, military organizations, and a variety of domestic companies; they have also conducted cyber financial operations against ATMs, banks, and cryptocurrency exchanges. Andariel's notable activity includes Operation Black Mine, Operation GoldenAxe, and Campaign Rifle.",North Korea
G1007,Aoqin Dragon,,"Aoqin Dragon is a suspected Chinese cyber espionage threat group that has been active since at least 2013. Aoqin Dragon has primarily targeted government, education, and telecommunication organizations in Australia, Cambodia, Hong Kong, Singapore, and Vietnam. Security researchers noted a potential association between Aoqin Dragon and UNC94, based on malware, infrastructure, and targets.",China
G1049,AppleJeus,"Gleaming Pisces, Citrine Sleet, UNC1720, UNC4736","AppleJeus is a North Korean state-sponsored threat group attributed to the Reconnaissance General Bureau. Associated with the broader Lazarus Group umbrella of actors, AppleJeus has been active since at least 2018 and is closely aligned in resources with TEMP.hermit, another DPRK-affiliated group under the same umbrella. The group’s primary mission is to generate and launder revenue to provide financial support to the government. AppleJeus primarily targets the cryptocurrency industry and is most notably responsible for the 3CX Supply Chain Attack. The group traditionally deploys malicious cryptocurrency software in combination with Phishing. From these compromised environments, it selectively deploys additional backdoors to enable extended operations against high-value financial targets.",North Korea
G1028,APT-C-23,"Mantis, Arid Viper, Desert Falcon, TAG-63, Grey Karkadann, Big Bang APT, Two-tailed Scorpion","APT-C-23 is a threat group that has been active since at least 2014. APT-C-23 has primarily focused its operations on the Middle East, including Israeli military assets. APT-C-23 has developed mobile spyware targeting Android and iOS devices since 2017.",Other
G0099,APT-C-36,"Blind Eagle, TAG-144, AguilaCiega, APT-Q-98","APT-C-36 is a suspected South American threat group that has engaged in espionage and financially motivated operations since at least 2018. APT-C-36 has targeted government institutions and entities in the financial, energy, and professional manufacturing sectors across Colombia and other Latin American countries.",Cyber Crime
G0006,APT1,"Comment Crew, Comment Group, Comment Panda","APT1 is a Chinese threat group that has been attributed to the 2nd Bureau of the People’s Liberation Army (PLA) General Staff Department’s (GSD) 3rd Department, commonly known by its Military Unit Cover Designator (MUCD) as Unit 61398.",China
G0005,APT12,"IXESHE, DynCalc, Numbered Panda, DNSCALC","APT12 is a threat group that has been attributed to China. The group has targeted a variety of victims including but not limited to media outlets, high-tech companies, and multiple governments.",China
G0023,APT16,,APT16 is a China-based threat group that has launched spearphishing campaigns targeting Japanese and Taiwanese organizations.,China
G0025,APT17,Deputy Dog,"APT17 is a China-based threat group that has conducted network intrusions against U.S. government entities, the defense industry, law firms, information technology companies, mining companies, and non-government organizations.",China
G0026,APT18,"TG-0416, Dynamite Panda, Threat Group-0416","APT18 is a threat group that has operated since at least 2009 and has targeted a range of industries, including technology, manufacturing, human rights groups, government, and medical.",Other
G0073,APT19,"Codoso, C0d0so0, Codoso Team, Sunshop Group","APT19 is a Chinese-based threat group that has targeted a variety of industries, including defense, finance, energy, pharmaceutical, telecommunications, high tech, education, manufacturing, and legal services. In 2017, a phishing campaign was used to target seven law and investment firms. Some analysts track APT19 and Deep Panda as the same group, but it is unclear from open source information if the groups are the same.",China
G0007,APT28,"IRON TWILIGHT, SNAKEMACKEREL, Swallowtail, Group 74, Sednit, Sofacy, Pawn Storm, Fancy Bear, STRONTIUM, Tsar Team, Threat Group-4127, TG-4127, Forest Blizzard, FROZENLAKE, GruesomeLarch",APT28 is a threat group that has been attributed to Russia's General Staff Main Intelligence Directorate (GRU) 85th Main Special Service Center (GTsSS) military unit 26165. This group has been active since at least 2004.,Russia
G0016,APT29,"IRON RITUAL, IRON HEMLOCK, NobleBaron, Dark Halo, NOBELIUM, UNC2452, YTTRIUM, The Dukes, Cozy Bear, CozyDuke, SolarStorm, Blue Kitsune, UNC3524, Midnight Blizzard","APT29 is threat group that has been attributed to Russia's Foreign Intelligence Service (SVR). They have operated since at least 2008, often targeting government networks in Europe and NATO member countries, research institutes, and think tanks. APT29 reportedly compromised the Democratic National Committee starting in the summer of 2015.",Russia
G0022,APT3,"Gothic Panda, Pirpi, UPS Team, Buckeye, Threat Group-0110, TG-0110","APT3 is a China-based threat group that researchers have attributed to China's Ministry of State Security. This group is responsible for the campaigns known as Operation Clandestine Fox, Operation Clandestine Wolf, and Operation Double Tap. As of June 2015, the group appears to have shifted from targeting primarily US victims to primarily political organizations in Hong Kong.",China
G0013,APT30,,"APT30 is a threat group suspected to be associated with the Chinese government. While Naikon shares some characteristics with APT30, the two groups do not appear to be exact matches.",China
G0050,APT32,"SeaLotus, OceanLotus, APT-C-00, Canvas Cyclone, BISMUTH","APT32 is a suspected Vietnam-based threat group that has been active since at least 2014. The group has targeted multiple private sector industries as well as foreign governments, dissidents, and journalists with a strong focus on Southeast Asian countries like Vietnam, the Philippines, Laos, and Cambodia. They have extensively used strategic web compromises to compromise victims.",Vietnam
G0064,APT33,"HOLMIUM, Elfin, Peach Sandstorm","APT33 is a suspected Iranian threat group that has carried out operations since at least 2013. The group has targeted organizations across multiple industries in the United States, Saudi Arabia, and South Korea, with a particular interest in the aviation and energy sectors.",Iran
G0067,APT37,"InkySquid, ScarCruft, Reaper, Group123, TEMP.Reaper, Ricochet Chollima","APT37 is a North Korean state-sponsored cyber espionage group that has been active since at least 2012. The group has targeted victims primarily in South Korea, but also in Japan, Vietnam, Russia, Nepal, China, India, Romania, Kuwait, and other parts of the Middle East. APT37 has also been linked to the following campaigns between 2016-2018: Operation Daybreak, Operation Erebus, Golden Time, Evil New Year, Are you Happy?, FreeMilk, North Korean Human Rights, and Evil New Year 2018.",China
G0082,APT38,"NICKEL GLADSTONE, BeagleBoyz, Bluenoroff, Stardust Chollima, Sapphire Sleet, COPERNICIUM","APT38 is a North Korean state-sponsored threat group that specializes in financial cyber operations; it has been attributed to the Reconnaissance General Bureau. Active since at least 2014, APT38 has targeted banks, financial institutions, casinos, cryptocurrency exchanges, SWIFT system endpoints, and ATMs in at least 38 countries worldwide. Significant operations include the 2016 Bank of Bangladesh heist, during which APT38 stole $81 million, as well as attacks against Bancomext and Banco de Chile ; some of their attacks have been destructive.",North Korea
G0087,APT39,"ITG07, Chafer, Remix Kitten","APT39 is one of several names for cyber espionage activity conducted by the Iranian Ministry of Intelligence and Security (MOIS) through the front company Rana Intelligence Computing since at least 2014. APT39 has primarily targeted the travel, hospitality, academic, and telecommunications industries in Iran and across Asia, Africa, Europe, and North America to track individuals and entities considered to be a threat by the MOIS.",Iran
G0096,APT41,"Wicked Panda, Brass Typhoon, BARIUM","APT41 is a threat group that researchers have assessed as Chinese state-sponsored espionage group that also conducts financially-motivated operations. Active since at least 2012, APT41 has been observed targeting various industries, including but not limited to healthcare, telecom, technology, finance, education, retail and video game industries in 14 countries. Notable behaviors include using a wide range of malware and tools to complete mission objectives. APT41 overlaps at least partially with public reporting on groups including BARIUM and Winnti Group.",China
G1044,APT42,,"APT42 is an Iranian-sponsored threat group that conducts cyber espionage and surveillance. The group primarily focuses on targets in the Middle East region, but has targeted a variety of industries and countries since at least 2015. APT42 starts cyber operations through spearphishing emails and/or the PINEFLOWER Android malware, then monitors and collects information from the compromised systems and devices. Finally, APT42 exfiltrates data using native features and open-source tools.",Iran
G1023,APT5,"Mulberry Typhoon, MANGANESE, BRONZE FLEETWOOD, Keyhole Panda, UNC2630","APT5 is a China-based espionage actor that has been active since at least 2007 primarily targeting the telecommunications, aerospace, and defense industries throughout the U.S., Europe, and Asia. APT5 has displayed advanced tradecraft and significant interest in compromising networking devices and their underlying software including through the use of zero-day exploits.",China
G0143,Aquatic Panda,,"Aquatic Panda is a suspected China-based threat group with a dual mission of intelligence collection and industrial espionage. Active since at least May 2020, Aquatic Panda has primarily targeted entities in the telecommunications, technology, and government sectors.",China
G0001,Axiom,Group 72,"Axiom is a suspected Chinese cyber espionage group that has targeted the aerospace, defense, government, manufacturing, and media sectors since at least 2008. Some reporting suggests a degree of overlap between Axiom and Winnti Group but the two groups appear to be distinct based on differences in reporting on TTPs and targeting.",China
G0135,BackdoorDiplomacy,,"BackdoorDiplomacy is a cyber espionage threat group that has been active since at least 2017. BackdoorDiplomacy has targeted Ministries of Foreign Affairs and telecommunication companies in Africa, Europe, the Middle East, and Asia.",Other
G1002,BITTER,T-APT-17,"BITTER is a suspected South Asian cyber espionage threat group that has been active since at least 2013. BITTER has targeted government, energy, and engineering organizations in Pakistan, China, Bangladesh, and Saudi Arabia.",China
G1043,BlackByte,Hecamede,"BlackByte is a ransomware threat actor operating since at least 2021. BlackByte is associated with several versions of ransomware also labeled BlackByte Ransomware. BlackByte ransomware operations initially used a common encryption key allowing for the development of a universal decryptor, but subsequent versions such as BlackByte 2.0 Ransomware use more robust encryption mechanisms. BlackByte is notable for operations targeting critical infrastructure entities among other targets across North America.",Cyber Crime
G0063,BlackOasis,,"BlackOasis is a Middle Eastern threat group that is believed to be a customer of Gamma Group. The group has shown interest in prominent figures in the United Nations, as well as opposition bloggers, activists, regional news correspondents, and think tanks. A group known by Microsoft as NEODYMIUM is reportedly associated closely with BlackOasis operations, but evidence that the group names are aliases has not been identified.",Other
G0098,BlackTech,Palmerworm,"BlackTech is a suspected Chinese cyber espionage group that has primarily targeted organizations in East Asia--particularly Taiwan, Japan, and Hong Kong--and the US since at least 2013. BlackTech has used a combination of custom malware, dual-use tools, and living off the land tactics to compromise media, construction, engineering, electronics, and financial company networks.",China
G0108,Blue Mockingbird,,Blue Mockingbird is a cluster of observed activity involving Monero cryptocurrency-mining payloads in dynamic-link library (DLL) form on Windows systems. The earliest observed Blue Mockingbird tools were created in December 2019.,Other
G0097,Bouncing Golf,,Bouncing Golf is a cyberespionage campaign targeting Middle Eastern countries.,Other
G0060,BRONZE BUTLER,"REDBALDKNIGHT, Tick","BRONZE BUTLER is a cyber espionage group with likely Chinese origins that has been active since at least 2008. The group primarily targets Japanese organizations, particularly those in government, biotechnology, electronics manufacturing, and industrial chemistry.",China
G0008,Carbanak,Anunak,Carbanak is a cybercriminal group that has used Carbanak malware to target financial institutions since at least 2013. Carbanak may be linked to groups tracked separately as Cobalt Group and FIN7 that have also used Carbanak malware.,Other
G0114,Chimera,,Chimera is a suspected China-based threat group that has been active since at least 2018 targeting the semiconductor industry in Taiwan as well as data from the airline industry.,China
G1021,Cinnamon Tempest,"DEV-0401, Emperor Dragonfly, BRONZE STARLIGHT","Cinnamon Tempest is a China-based threat group that has been active since at least 2021 deploying multiple strains of ransomware based on the leaked Babuk source code. Cinnamon Tempest does not operate their ransomware on an affiliate model or purchase access but appears to act independently in all stages of the attack lifecycle. Based on victimology, the short lifespan of each ransomware variant, and use of malware attributed to government-sponsored threat groups, Cinnamon Tempest may be motivated by intellectual property theft or cyberespionage rather than financial gain.",China
G0003,Cleaver,"Threat Group 2889, TG-2889",Cleaver is a threat group that has been attributed to Iranian actors and is responsible for activity tracked as Operation Cleaver. Strong circumstantial evidence suggests Cleaver is linked to Threat Group 2889 (TG-2889).,Iran
G0080,Cobalt Group,"GOLD KINGSWOOD, Cobalt Gang, Cobalt Spider","Cobalt Group is a financially motivated threat group that has primarily targeted financial institutions since at least 2016. The group has conducted intrusions to steal money via targeting ATM systems, card processing, payment systems and SWIFT systems. Cobalt Group has mainly targeted banks in Eastern Europe, Central Asia, and Southeast Asia. One of the alleged leaders was arrested in Spain in early 2018, but the group still appears to be active. The group has been known to target organizations in order to use their access to then compromise additional victims. Reporting indicates there may be links between Cobalt Group and both the malware Carbanak and the group Carbanak.",Cyber Crime
G0142,Confucius,Confucius APT,"Confucius is a cyber espionage group that has primarily targeted military personnel, high-profile personalities, business persons, and government organizations in South Asia since at least 2013. Security researchers have noted similarities between Confucius and Patchwork, particularly in their respective custom malware code and targets.",Other
G1052,Contagious Interview,"DeceptiveDevelopment, Gwisin Gang, Tenacious Pungsan, DEV#POPPER, PurpleBravo, TAG-121","Contagious Interview is a North Korea–aligned threat group active since 2023. The group conducts both cyberespionage and financially motivated operations, including the theft of cryptocurrency and user credentials. Contagious Interview targets Windows, Linux, and macOS systems, with a particular focus on individuals engaged in software development and cryptocurrency-related activities.",North Korea
G0052,CopyKittens,,"CopyKittens is an Iranian cyber espionage group that has been operating since at least 2013. It has targeted countries including Israel, Saudi Arabia, Turkey, the U.S., Jordan, and Germany. The group is responsible for the campaign known as Operation Wilted Tulip.",Iran
G1012,CURIUM,"Crimson Sandstorm, TA456, Tortoise Shell, Yellow Liderc","CURIUM is an Iranian threat group, first reported in September 2019 and active since at least July 2018, targeting IT service providers in the Middle East. CURIUM has since invested in building relationships with potential targets via social media over a period of months to establish trust and confidence before sending malware. Security researchers note CURIUM has demonstrated great patience and persistence by chatting with potential targets daily and sending benign files to help lower their security consciousness.",Iran
G1027,CyberAv3ngers,Soldiers of Soloman,"The CyberAv3ngers are a suspected Iranian Government Islamic Revolutionary Guard Corps (IRGC)-affiliated APT group. The CyberAv3ngers have been known to be active since at least 2020, with disputed and false claims of critical infrastructure compromises in Israel.",Iran
G1034,Daggerfly,"Evasive Panda, BRONZE HIGHLAND","Daggerfly is a People's Republic of China-linked APT entity active since at least 2012. Daggerfly has targeted individuals, government and NGO entities, and telecommunication companies in Asia and Africa. Daggerfly is associated with exclusive use of MgBot malware and is noted for several potential supply chain infection campaigns.",China
G0070,Dark Caracal,,Dark Caracal is threat group that has been attributed to the Lebanese General Directorate of General Security (GDGS) and has operated since at least 2012.,Other
G0012,Darkhotel,"DUBNIUM, Zigzag Hail",Darkhotel is a suspected South Korean threat group that has targeted victims primarily in East Asia since at least 2004. The group's name is based on cyber espionage operations conducted via hotel Internet networks against traveling executives and other select guests. Darkhotel has also conducted spearphishing campaigns and infected victims through peer-to-peer and file sharing networks.,Other
G0079,DarkHydrus,,DarkHydrus is a threat group that has targeted government agencies and educational institutions in the Middle East since at least 2016. The group heavily leverages open-source tools and custom payloads for carrying out attacks.,Other
G0105,DarkVishnya,,DarkVishnya is a financially motivated threat actor targeting financial institutions in Eastern Europe. In 2017-2018 the group attacked at least 8 banks in this region.,Cyber Crime
G0009,Deep Panda,"Shell Crew, WebMasters, KungFu Kittens, PinkPanther, Black Vine","Deep Panda is a suspected Chinese threat group known to target many industries, including government, defense, financial, and telecommunications. The intrusion into healthcare company Anthem has been attributed to Deep Panda. This group is also known as Shell Crew, WebMasters, KungFu Kittens, and PinkPanther. Deep Panda also appears to be known as Black Vine based on the attribution of both group names to the Anthem intrusion. Some analysts track Deep Panda and APT19 as the same group, but it is unclear from open source information if the groups are the same.",China
G0035,Dragonfly,"TEMP.Isotope, DYMALLOY, Berserk Bear, TG-4192, Crouching Yeti, IRON LIBERTY, Energetic Bear, Ghost Blizzard, BROMINE","Dragonfly is a cyber espionage group that has been attributed to Russia's Federal Security Service (FSB) Center 16. Active since at least 2010, Dragonfly has targeted defense and aviation companies, government entities, companies related to industrial control systems, and critical infrastructure sectors worldwide through supply chain, spearphishing, and drive-by compromise attacks.",Russia
G0017,DragonOK,,"DragonOK is a threat group that has targeted Japanese organizations with phishing emails. Due to overlapping TTPs, including similar custom tools, DragonOK is thought to have a direct or indirect relationship with the threat group Moafee. It is known to use a variety of malware, including Sysget/HelloBridge, PlugX, PoisonIvy, FormerFirstRat, NFlog, and NewCT.",Other
G1006,Earth Lusca,"TAG-22, Charcoal Typhoon, CHROMIUM, ControlX","Earth Lusca is a suspected China-based cyber espionage group that has been active since at least April 2019. Earth Lusca has targeted organizations in Australia, China, Hong Kong, Mongolia, Nepal, the Philippines, Taiwan, Thailand, Vietnam, the United Arab Emirates, Nigeria, Germany, France, and the United States. Targets included government institutions, news media outlets, gambling companies, educational institutions, COVID-19 research organizations, telecommunications companies, religious movements banned in China, and cryptocurrency trading platforms; security researchers assess some Earth Lusca operations may be financially motivated.",China
G0066,Elderwood,"Elderwood Gang, Beijing Group, Sneaky Panda","Elderwood is a suspected Chinese cyber espionage group that was reportedly responsible for the 2009 Google intrusion known as Operation Aurora. The group has targeted defense organizations, supply chain manufacturers, human rights and nongovernmental organizations (NGOs), and IT service providers.",China
G1003,Ember Bear,"UNC2589, Bleeding Bear, DEV-0586, Cadet Blizzard, Frozenvista, UAC-0056","Ember Bear is a Russian state-sponsored cyber espionage group that has been active since at least 2020, linked to Russia's General Staff Main Intelligence Directorate (GRU) 161st Specialist Training Center (Unit 29155). Ember Bear has primarily focused operations against Ukrainian government and telecommunication entities, but has also operated against critical infrastructure entities in Europe and the Americas. Ember Bear conducted the WhisperGate destructive wiper attacks against Ukraine in early 2022. There is some confusion as to whether Ember Bear overlaps with another Russian-linked entity referred to as Saint Bear. At present available evidence strongly suggests these are distinct activities with different behavioral profiles.",Russia
G0020,Equation,,Equation is a sophisticated threat group that employs multiple remote access tools. The group is known to use zero-day exploits and has developed the capability to overwrite the firmware of hard disk drives.,Other
G0120,Evilnum,,Evilnum is a financially motivated threat group that has been active since at least 2018.,Cyber Crime
G1011,EXOTIC LILY,,"EXOTIC LILY is a financially motivated group that has been closely linked with Wizard Spider and the deployment of ransomware including Conti and Diavol. EXOTIC LILY may be acting as an initial access broker for other malicious actors, and has targeted a wide range of industries including IT, cybersecurity, and healthcare since at least September 2021.",Cyber Crime
G0137,Ferocious Kitten,,Ferocious Kitten is a threat group that has primarily targeted Persian-speaking individuals in Iran since at least 2015.,Iran
G0051,FIN10,,FIN10 is a financially motivated threat group that has targeted organizations in North America since at least 2013 through 2016. The group uses stolen data exfiltrated from victims to extort organizations.,Cyber Crime
G1016,FIN13,Elephant Beetle,"FIN13 is a financially motivated cyber threat group that has targeted the financial, retail, and hospitality industries in Mexico and Latin America, as early as 2016. FIN13 achieves its objectives by stealing intellectual property, financial data, mergers and acquisition information, or PII.",Cyber Crime
G0085,FIN4,,"FIN4 is a financially-motivated threat group that has targeted confidential information related to the public financial market, particularly regarding healthcare and pharmaceutical companies, since at least 2013. FIN4 is unique in that they do not infect victims with typical persistent malware, but rather they focus on capturing credentials authorized to access email and other non-public correspondence.",Other
G0053,FIN5,,"FIN5 is a financially motivated threat group that has targeted personally identifiable information and payment card information. The group has been active since at least 2008 and has targeted the restaurant, gaming, and hotel industries. The group is made up of actors who likely speak Russian.",Russia
G0037,FIN6,"Magecart Group 6, ITG08, Skeleton Spider, TAAL, Camouflage Tempest",FIN6 is a cyber crime group that has stolen payment card data and sold it for profit on underground marketplaces. This group has aggressively targeted and compromised point of sale (PoS) systems in the hospitality and retail sectors.,Other
G0046,FIN7,"GOLD NIAGARA, ITG14, Carbon Spider, ELBRUS, Sangria Tempest","FIN7 is a financially-motivated threat group that has been active since 2013. FIN7 has targeted the retail, restaurant, hospitality, software, consulting, financial services, medical equipment, cloud services, media, food and beverage, transportation, pharmaceutical, and utilities industries in the United States. A portion of FIN7 was operated out of a front company called Combi Security and often used point-of-sale malware for targeting efforts. Since 2020, FIN7 shifted operations to big game hunting (BGH), including use of REvil ransomware and their own Ransomware-as-a-Service (RaaS), Darkside. FIN7 may be linked to the Carbanak Group, but multiple threat groups have been observed using Carbanak, leading these groups to be tracked separately.",Cyber Crime
G0061,FIN8,Syssphinx,"FIN8 is a financially motivated threat group that has been active since at least January 2016, and known for targeting organizations in the hospitality, retail, entertainment, insurance, technology, chemical, and financial sectors. In June 2021, security researchers detected FIN8 switching from targeting point-of-sale (POS) devices to distributing a number of ransomware variants.",Cyber Crime
G0117,Fox Kitten,"UNC757, Parisite, Pioneer Kitten, RUBIDIUM, Lemon Sandstorm","Fox Kitten is threat actor with a suspected nexus to the Iranian government that has been active since at least 2017 against entities in the Middle East, North Africa, Europe, Australia, and North America. Fox Kitten has targeted multiple industrial verticals including oil and gas, technology, government, defense, healthcare, manufacturing, and engineering.",Iran
G0093,GALLIUM,Granite Typhoon,"GALLIUM is a cyberespionage group that has been active since at least 2012, primarily targeting telecommunications companies, financial institutions, and government entities in Afghanistan, Australia, Belgium, Cambodia, Malaysia, Mozambique, the Philippines, Russia, and Vietnam. This group is particularly known for launching Operation Soft Cell, a long-term campaign targeting telecommunications providers. Security researchers have identified GALLIUM as a likely Chinese state-sponsored group, based in part on tools used and TTPs commonly associated with Chinese threat actors.",China
G0084,Gallmaker,,"Gallmaker is a cyberespionage group that has targeted victims in the Middle East and has been active since at least December 2017. The group has mainly targeted victims in the defense, military, and government sectors.",Other
G0047,Gamaredon Group,"IRON TILDEN, Primitive Bear, ACTINIUM, Armageddon, Shuckworm, DEV-0157, Aqua Blizzard, NastyShrew","Gamaredon Group is a suspected Russian cyber espionage group that has targeted military, law enforcement, judiciary, non-profit, and non-governmental organizations in Ukraine since at least 2013. The name Gamaredon Group derives from a misspelling of the word ""Armageddon,"" found in early campaigns.",Russia
G0036,GCMAN,,GCMAN is a threat group that focuses on targeting banks for the purpose of transferring money to e-currency services.,Other
G0115,GOLD SOUTHFIELD,Pinchy Spider,"GOLD SOUTHFIELD is a financially motivated threat group active since at least 2018 that operates the REvil Ransomware-as-a Service (RaaS). GOLD SOUTHFIELD provides backend infrastructure for affiliates recruited on underground forums to perpetrate high value deployments. By early 2020, GOLD SOUTHFIELD started capitalizing on the new trend of stealing data and further extorting the victim to pay for their data to not get publicly leaked.",Cyber Crime
G0078,Gorgon Group,,"Gorgon Group is a threat group consisting of members who are suspected to be Pakistan-based or have other connections to Pakistan. The group has performed a mix of criminal and targeted attacks, including campaigns against government organizations in the United Kingdom, Spain, Russia, and the United States.",Russia
G0043,Group5,,"Group5 is a threat group with a suspected Iranian nexus, though this attribution is not definite. The group has targeted individuals connected to the Syrian opposition via spearphishing and watering holes, normally using Syrian and Iranian themes. Group5 has used two commonly available remote access tools (RATs), njRAT and NanoCore, as well as an Android RAT, DroidJack.",Iran
G0125,HAFNIUM,"Operation Exchange Marauder, Silk Typhoon","HAFNIUM is a likely state-sponsored cyber espionage group operating out of China that has been active since at least January 2021. HAFNIUM primarily targets entities in the US across a number of industry sectors, including infectious disease researchers, law firms, higher education institutions, defense contractors, policy think tanks, and NGOs. HAFNIUM has targeted remote management tools and cloud software for intial access and has demonstrated an ability to quickly operationalize exploits for identified vulnerabilities in edge devices.",China
G1001,HEXANE,"Lyceum, Siamesekitten, Spirlin","HEXANE is a cyber espionage threat group that has targeted oil & gas, telecommunications, aviation, and internet service provider organizations since at least 2017. Targeted companies have been located in the Middle East and Africa, including Israel, Saudi Arabia, Kuwait, Morocco, and Tunisia. HEXANE's TTPs appear similar to APT33 and OilRig but due to differences in victims and tools it is tracked as a separate entity.",Other
G0126,Higaisa,,"Higaisa is a threat group suspected to have South Korean origins. Higaisa has targeted government, public, and trade organizations in North Korea; however, they have also carried out attacks in China, Japan, Russia, Poland, and other nations. Higaisa was first disclosed in early 2019 but is assessed to have operated as early as 2009.",China
G1032,INC Ransom,GOLD IONIC,"INC Ransom is a ransomware and data extortion threat group associated with the deployment of INC Ransomware that has been active since at least July 2023. INC Ransom has targeted organizations worldwide most commonly in the industrial, healthcare, and education sectors in the US and Europe.",Cyber Crime
G0100,Inception,"Inception Framework, Cloud Atlas","Inception is a cyber espionage group active since at least 2014. The group has targeted multiple industries and governmental entities primarily in Russia, but has also been active in the United States and throughout Europe, Asia, Africa, and the Middle East.",Russia
G0136,IndigoZebra,,IndigoZebra is a suspected Chinese cyber espionage group that has been targeting Central Asian governments since at least 2014.,China
G0119,Indrik Spider,"Evil Corp, Manatee Tempest, DEV-0243, UNC2165","Indrik Spider is a Russia-based cybercriminal group that has been active since at least 2014. Indrik Spider initially started with the Dridex banking Trojan, and then by 2017 they began running ransomware operations using BitPaymer, WastedLocker, and Hades ransomware. Following U.S. sanctions and an indictment in 2019, Indrik Spider changed their tactics and diversified their toolset.",Russia
G0004,Ke3chang,"APT15, Mirage, Vixen Panda, GREF, Playful Dragon, RoyalAPT, NICKEL, Nylon Typhoon","Ke3chang is a threat group attributed to actors operating out of China. Ke3chang has targeted oil, government, diplomatic, military, and NGOs in Central and South America, the Caribbean, Europe, and North America since at least 2010.",China
G0094,Kimsuky,"Black Banshee, Velvet Chollima, Emerald Sleet, THALLIUM, APT43, TA427, Springtail, Earth Kumiho, PatheticSlug","Kimsuky is a Democratic People's Republic of Korea (DPRK)-based cyber espionage group that has been active since at least 2012. The group initially targeted South Korean government agencies, think tanks, and subject-matter experts in various fields. Its operations expanded to include the United Nations and organizations in the government, education, business services, and manufacturing sectors across the United States, Japan, Russia, and Europe. Kimsuky has focused collection on foreign policy and national security issues tied to the Korean Peninsula, nuclear policy, and sanctions. Kimsuky operations have overlapped with those of other North Korean state-sponsored cyber espionage actors as a result of ad hoc collaborations or other limited resource sharing.",Russia
G1004,LAPSUS$,"DEV-0537, Strawberry Tempest","LAPSUS$ is cyber criminal threat group that has been active since at least mid-2021. LAPSUS$ specializes in large-scale social engineering and extortion operations, including destructive attacks without the use of ransomware. The group has targeted organizations globally, including in the government, manufacturing, higher education, energy, healthcare, technology, telecommunications, and media sectors.",Cyber Crime
G0032,Lazarus Group,"Labyrinth Chollima, HIDDEN COBRA, Guardians of Peace, ZINC, NICKEL ACADEMY, Diamond Sleet","Lazarus Group is a North Korean state-sponsored cyber threat group attributed to the Reconnaissance General Bureau (RGB). Lazarus Group has been active since at least 2009 and is reportedly responsible for the November 2014 destructive wiper attack on Sony Pictures Entertainment, identified by Novetta as part of Operation Blockbuster. Malware used by Lazarus Group correlates to other reported campaigns, including Operation Flame, Operation 1Mission, Operation Troy, DarkSeoul, and Ten Days of Rain.",North Korea
G0140,LazyScripter,,"LazyScripter is threat group that has mainly targeted the airlines industry since at least 2018, primarily using open-source toolsets.",Other
G0077,Leafminer,Raspite,Leafminer is an Iranian threat group that has targeted government organizations and business entities in the Middle East since at least early 2017.,Iran
G0065,Leviathan,"MUDCARP, Kryptonite Panda, Gadolinium, BRONZE MOHAWK, TEMP.Jumper, APT40, TEMP.Periscope, Gingham Typhoon","Leviathan is a Chinese state-sponsored cyber espionage group that has been attributed to the Ministry of State Security's (MSS) Hainan State Security Department and an affiliated front company. Active since at least 2009, Leviathan has targeted the following sectors: academia, aerospace/aviation, biomedical, defense industrial base, government, healthcare, manufacturing, maritime, and transportation across the US, Canada, Australia, Europe, the Middle East, and Southeast Asia.",China
G0030,Lotus Blossom,"DRAGONFISH, Spring Dragon, RADIUM, Raspberry Typhoon, Bilbug, Thrip","Lotus Blossom is a long-standing threat group largely targeting various entities in Asia since at least 2009. In addition to government and related targets, Lotus Blossom has also targeted entities such as digital certificate issuers.",Other
G1014,LuminousMoth,,"LuminousMoth is a Chinese-speaking cyber espionage group that has been active since at least October 2020. LuminousMoth has targeted high-profile organizations, including government entities, in Myanmar, the Philippines, Thailand, and other parts of Southeast Asia. Some security researchers have concluded there is a connection between LuminousMoth and Mustang Panda based on similar targeting and TTPs, as well as network infrastructure overlaps.",China
G0095,Machete,"APT-C-43, El Machete","Machete is a suspected Spanish-speaking cyber espionage group that has been active since at least 2010. It has primarily focused its operations within Latin America, with a particular emphasis on Venezuela, but also in the US, Europe, Russia, and parts of Asia. Machete generally targets high-profile organizations such as government institutions, intelligence services, and military units, as well as telecommunications and power companies.",Russia
G0059,Magic Hound,"TA453, COBALT ILLUSION, Charming Kitten, ITG18, Phosphorus, Newscaster, APT35, Mint Sandstorm","Magic Hound is an Iranian-sponsored threat group that conducts long term, resource-intensive cyber espionage operations, likely on behalf of the Islamic Revolutionary Guard Corps. They have targeted European, U.S., and Middle Eastern government and military personnel, academics, journalists, and organizations such as the World Health Organization (WHO), via complex social engineering campaigns since at least 2014.",Iran
G1026,Malteiro,,Malteiro is a financially motivated criminal group that is likely based in Brazil and has been active since at least November 2019. The group operates and distributes the Mispadu banking trojan via a Malware-as-a-Service (MaaS) business model. Malteiro mainly targets victims throughout Latin America (particularly Mexico) and Europe (particularly Spain and Portugal).,Cyber Crime
G1051,Medusa Group,,"Medusa Group has been active since at least 2021 and was initially operated as a closed ransomware group before evolving into a Ransomware-as-a-Service (RaaS) operation. Some reporting indicates that certain attacks may still be conducted directly by the ransomware’s core developers. Public sources have also referred to the group as ""Spearwing"" or ""Medusa Actors."" Medusa Group employs living-off-the-land techniques, frequently leveraging publicly available tools and common remote management software to conduct operations. The group engages in double extortion tactics, exfiltrating data prior to encryption and threatening to publish stolen information if ransom demands are not met. For initial access, Medusa Group has exploited publicly known vulnerabilities, conducted phishing campaigns, and used credentials or access purchased from Initial Access Brokers (IABs). The group is opportunistic and has targeted a wide range of sectors globally.",Cyber Crime
G0045,menuPass,"Cicada, POTASSIUM, Stone Panda, APT10, Red Apollo, CVNX, HOGFISH, BRONZE RIVERSIDE",menuPass is a threat group that has been active since at least 2006. Individual members of menuPass are known to have acted in association with the Chinese Ministry of State Security's (MSS) Tianjin State Security Bureau and worked for the Huaying Haitai Science and Technology Development Company.,China
G1013,Metador,,"Metador is a suspected cyber espionage group that was first reported in September 2022. Metador has targeted a limited number of telecommunication companies, internet service providers, and universities in the Middle East and Africa. Security researchers named the group Metador based on the ""I am meta"" string in one of the group's malware samples and the expectation of Spanish-language responses from C2 servers.",Other
G1054,MirrorFace,Earth Kasha,"MirrorFace is a People's Republic of China (PRC)-aligned cyberespionage actor believed to be a subgroup under the menuPass umbrella based on targeting, tools, and infrastructure overlaps. MirrorFace has been active since at least 2019, at first exclusively targeting Japanese organizations across the media, defense, diplomatic, financial, manufacturing, and academic sectors. Subsequent MirrorFace operations included targets in Central Europe and featured use of LODEINFO, HiddenFace, and UPPERCUT malware.",China
G0002,Moafee,,"Moafee is a threat group that appears to operate from the Guandong Province of China. Due to overlapping TTPs, including similar custom tools, Moafee is thought to have a direct or indirect relationship with the threat group DragonOK.",China
G0103,Mofang,,"Mofang is a likely China-based cyber espionage group, named for its frequent practice of imitating a victim's infrastructure. This adversary has been observed since at least May 2012 conducting focused attacks against government and critical infrastructure in Myanmar, as well as several other countries and sectors including military, automobile, and weapons industries.",China
G0021,Molerats,"Operation Molerats, Gaza Cybergang","Molerats is an Arabic-speaking, politically-motivated threat group that has been operating since 2012. The group's victims have primarily been in the Middle East, Europe, and the United States.",Other
G1036,Moonstone Sleet,Storm-1789,"Moonstone Sleet is a North Korean-linked threat actor executing both financially motivated attacks and espionage operations. The group previously overlapped significantly with another North Korean-linked entity, Lazarus Group, but has differentiated its tradecraft since 2023. Moonstone Sleet is notable for creating fake companies and personas to interact with victim entities, as well as developing unique malware such as a variant delivered via a fully functioning game.",North Korea
G1009,Moses Staff,"DEV-0500, Marigold Sandstorm",Moses Staff is a suspected Iranian threat group that has primarily targeted Israeli companies since at least September 2021. Moses Staff openly stated their motivation in attacking Israeli companies is to cause damage by leaking stolen sensitive data and encrypting the victim's networks without a ransom demand.,Iran
G1019,MoustachedBouncer,,MoustachedBouncer is a cyberespionage group that has been active since at least 2014 targeting foreign embassies in Belarus.,Other
G0069,MuddyWater,"Earth Vetala, MERCURY, Static Kitten, Seedworm, TEMP.Zagros, Mango Sandstorm, TA450, MuddyKrill","MuddyWater is a cyber espionage group assessed to be a subordinate element within Iran's Ministry of Intelligence and Security (MOIS). Since at least 2017, MuddyWater has targeted a range of government and private organizations across sectors, including telecommunications, local government, finance, defense, and oil and natural gas organizations, in the Middle East (specifically the UAE and Saudi Arabia), Asia, Africa, Europe, and North America. MuddyWater has reused domains dating back to October 2025, and has a preference for NameCheap and Hosterdaddy Private Limited (AS136557). In late 2025 and early 2026, MuddyWater used commercial satellite internet (i.e., Starlink) for command and control (C2) communication.",Iran
G0129,Mustang Panda,"TA416, RedDelta, BRONZE PRESIDENT, STATELY TAURUS, FIREANT, CAMARO DRAGON, EARTH PRETA, HIVE0154, TWILL TYPHOON, TANTALUM, LUMINOUS MOTH, UNC6384, TEMP.Hex, Red Lich, ClumsyToad","Mustang Panda is a China-based cyber espionage threat actor that has been conducting operations since at least 2012. Mustang Panda has been known to use tailored phishing lures and decoy documents to deliver malicious payloads. Mustang Panda has targeted government, diplomatic, and non-governmental organizations, including think tanks, religious institutions, and research entities, across the United States, Europe, and Asia, with notable activity in Russia, Mongolia, Myanmar, Pakistan, and Vietnam.",China
G1020,Mustard Tempest,"DEV-0206, TA569, GOLD PRELUDE, UNC1543","Mustard Tempest is an initial access broker that has operated the SocGholish distribution network since at least 2017. Mustard Tempest has partnered with Indrik Spider to provide access for the download of additional malware including LockBit, WastedLocker, and remote access tools.",Other
G0019,Naikon,,"Naikon is assessed to be a state-sponsored cyber espionage group attributed to the Chinese People’s Liberation Army’s (PLA) Chengdu Military Region Second Technical Reconnaissance Bureau (Military Unit Cover Designator 78020). Active since at least 2010, Naikon has primarily conducted operations against government, military, and civil organizations in Southeast Asia, as well as against international bodies such as the United Nations Development Programme (UNDP) and the Association of Southeast Asian Nations (ASEAN).",China
G0055,NEODYMIUM,,"NEODYMIUM is an activity group that conducted a campaign in May 2016 and has heavily targeted Turkish victims. The group has demonstrated similarity to another activity group called PROMETHIUM due to overlapping victim and campaign characteristics. NEODYMIUM is reportedly associated closely with BlackOasis operations, but evidence that the group names are aliases has not been identified.",Turkey
G0133,Nomadic Octopus,DustSquad,"Nomadic Octopus is a Russian-speaking cyber espionage threat group that has primarily targeted Central Asia, including local governments, diplomatic missions, and individuals, since at least 2014. Nomadic Octopus has been observed conducting campaigns involving Android and Windows malware, mainly using the Delphi programming language, and building custom variants.",Russia
G0049,OilRig,"COBALT GYPSY, IRN2, APT34, Helix Kitten, Evasive Serpens, Hazel Sandstorm, EUROPIUM, ITG13, Earth Simnavaz, Crambus, TA452","OilRig is a suspected Iranian threat group that has targeted Middle Eastern and international victims since at least 2014. The group has targeted a variety of sectors, including financial, government, energy, chemical, and telecommunications. It appears the group carries out supply chain attacks, leveraging the trust relationship between organizations to attack their primary targets. The group works on behalf of the Iranian government based on infrastructure details that contain references to Iran, use of Iranian infrastructure, and targeting that aligns with nation-state interests.",Iran
G0071,Orangeworm,,"Orangeworm is a group that has targeted organizations in the healthcare sector in the United States, Europe, and Asia since at least 2015, likely for the purpose of corporate espionage. Reverse engineering of Kwampirs, directly associated with Orangeworm activity, indicates significant functional and development overlaps with Shamoon.",Other
G0040,Patchwork,"Hangover Group, Dropping Elephant, Chinastrats, MONSOON, Operation Hangover","Patchwork is a cyber espionage group that was first observed in December 2015. While the group has not been definitively attributed, circumstantial evidence suggests the group may be a pro-Indian or Indian entity. Patchwork has been seen targeting industries related to diplomatic and government agencies. Much of the code used by this group was copied and pasted from online forums. Patchwork was also seen operating spearphishing campaigns targeting U.S. think tank groups in March and April of 2018.",India
G0011,PittyTiger,,PittyTiger is a threat group believed to operate out of China that uses multiple different types of malware to maintain command and control.,China
G0068,PLATINUM,,PLATINUM is an activity group that has targeted victims since at least 2009. The group has focused on targets associated with governments and related organizations in South and Southeast Asia.,Other
G1040,Play,,"Play is a ransomware group that has been active since at least 2022 deploying Playcrypt ransomware against the business, government, critical infrastructure, healthcare, and media sectors in North America, South America, and Europe. Play actors employ a double-extortion model, encrypting systems after exfiltrating data, and are presumed by security researchers to operate as a closed group.",Cyber Crime
G1005,POLONIUM,Plaid Rain,"POLONIUM is a Lebanon-based group that has primarily targeted Israeli organizations, including critical manufacturing, information technology, and defense industry companies, since at least February 2022. Security researchers assess POLONIUM has coordinated their operations with multiple actors affiliated with Iran’s Ministry of Intelligence and Security (MOIS), based on victim overlap as well as common techniques and tooling.",Iran
G0033,Poseidon Group,,Poseidon Group is a Portuguese-speaking threat group that has been active since at least 2005. The group has a history of using information exfiltrated from victims to blackmail victim companies into contracting the Poseidon Group as a security firm.,Other
G0056,PROMETHIUM,StrongPity,PROMETHIUM is an activity group focused on espionage that has been active since at least 2012. The group has conducted operations globally with a heavy emphasis on Turkish targets. PROMETHIUM has demonstrated similarity to another activity group called NEODYMIUM due to overlapping victim and campaign characteristics.,Turkey
G0024,Putter Panda,"APT2, MSUpdater",Putter Panda is a Chinese threat group that has been attributed to Unit 61486 of the 12th Bureau of the PLA’s 3rd General Staff Department (GSD).,China
G0075,Rancor,,Rancor is a threat group that has led targeted campaigns against the South East Asia region. Rancor uses politically-motivated lures to entice victims to open malicious documents.,Other
G1039,RedCurl,,"RedCurl is a threat actor active since 2018 notable for corporate espionage targeting a variety of locations, including Ukraine, Canada and the United Kingdom, and a variety of industries, including but not limited to travel agencies, insurance companies, and banks. RedCurl is allegedly a Russian-speaking threat actor. The group’s operations typically start with spearphishing emails to gain initial access, then the group executes discovery and collection commands and scripts to find corporate data. The group concludes operations by exfiltrating files to the C2 servers.",Russia
G1042,RedEcho,,"RedEcho is a People’s Republic of China-related threat actor associated with long-running intrusions in Indian critical infrastructure entities. RedEcho overlaps with various other PRC-linked threat groups, such as APT41, and is linked to ShadowPad malware use through shared infrastructure.",China
G0106,Rocke,,"Rocke is an alleged Chinese-speaking adversary whose primary objective appeared to be cryptojacking, or stealing victim system resources for the purposes of mining cryptocurrency. The name Rocke comes from the email address ""rocke@live.cn"" used to create the wallet which held collected cryptocurrency. Researchers have detected overlaps between Rocke and the Iron Cybercrime Group, though this attribution has not been confirmed.",China
G0048,RTM,,RTM is a cybercriminal group that has been active since at least 2015 and is primarily interested in users of remote banking systems in Russia and neighboring countries. The group uses a Trojan by the same name (RTM).,Russia
G1031,Saint Bear,"Storm-0587, TA471, UAC-0056, Lorec53","Saint Bear is a Russian-nexus threat actor active since early 2021, primarily targeting entities in Ukraine and Georgia. The group is notable for a specific remote access tool, Saint Bot, and information stealer, OutSteel in campaigns. Saint Bear typically relies on phishing or web staging of malicious documents and related file types for initial access, spoofing government or related entities. Saint Bear has previously been confused with Ember Bear operations, but analysis of behaviors, tools, and targeting indicates these are distinct clusters.",Russia
G1045,Salt Typhoon,,Salt Typhoon is a People's Republic of China (PRC) state-backed actor that has been active since at least 2019 and responsible for numerous compromises of network infrastructure at major U.S. telecommunication and internet service providers (ISP).,China
G0034,Sandworm Team,"ELECTRUM, Telebots, IRON VIKING, BlackEnergy (Group), Quedagh, Voodoo Bear, IRIDIUM, Seashell Blizzard, FROZENBARENTS, APT44",Sandworm Team is a destructive threat group that has been attributed to Russia's General Staff Main Intelligence Directorate (GRU) Main Center for Special Technologies (GTsST) military unit 74455. This group has been active since at least 2009.,Russia
G0029,Scarlet Mimic,,"Scarlet Mimic is a threat group that has targeted minority rights activists. This group has not been directly linked to a government source, but the group's motivations appear to overlap with those of the Chinese government. While there is some overlap between IP addresses used by Scarlet Mimic and Putter Panda, it has not been concluded that the groups are the same.",China
G1015,Scattered Spider,"Roasted 0ktapus, Octo Tempest, Storm-0875, UNC3944","Scattered Spider is a native English-speaking cybercriminal group active since at least 2022. The group initially targeted customer relationship management (CRM) providers, business process outsourcing (BPO) firms, and telecommunications and technology companies before expanding in 2023 to gaming, hospitality, retail, managed service provider (MSP), manufacturing, and financial sectors.",Other
G1041,Sea Turtle,"Teal Kurma, Marbled Dust, Cosmic Wolf, SILICON","Sea Turtle is a Türkiye-linked threat actor active since at least 2017 performing espionage and service provider compromise operations against victims in Asia, Europe, and North America. Sea Turtle is notable for targeting registrars managing ccTLDs and complex DNS-based intrusions where the threat actor compromised DNS providers to hijack DNS resolution for ultimate victims, enabling Sea Turtle to spoof log in portals and other applications for credential collection.",Other
G1008,SideCopy,,"SideCopy is a Pakistani threat group that has primarily targeted South Asian countries, including Indian and Afghani government personnel, since at least 2019. SideCopy's name comes from its infection chain that tries to mimic that of Sidewinder, a suspected Indian threat group.",Pakistan
G0121,Sidewinder,"T-APT-04, Rattlesnake","Sidewinder is a suspected Indian threat actor group that has been active since at least 2012. They have been observed targeting government, military, and business entities throughout Asia, primarily focusing on Pakistan, China, Nepal, and Afghanistan.",China
G0091,Silence,Whisper Spider,"Silence is a financially motivated threat actor targeting financial institutions in different countries. The group was first seen in June 2016. Their main targets reside in Russia, Ukraine, Belarus, Azerbaijan, Poland and Kazakhstan. They compromised various banking systems, including the Russian Central Bank's Automated Workstation Client, ATMs, and card processing.",Russia
G0122,Silent Librarian,"TA407, COBALT DICKENS","Silent Librarian is a group that has targeted research and proprietary data at universities, government agencies, and private sector companies worldwide since at least 2013. Members of Silent Librarian are known to have been affiliated with the Iran-based Mabna Institute which has conducted cyber intrusions at the behest of the government of Iran, specifically the Islamic Revolutionary Guard Corps (IRGC).",Iran
G0083,SilverTerrier,,"SilverTerrier is a Nigerian threat group that has been seen active since 2014. SilverTerrier mainly targets organizations in high technology, higher education, and manufacturing.",Other
G0054,Sowbug,,"Sowbug is a threat group that has conducted targeted attacks against organizations in South America and Southeast Asia, particularly government entities, since at least 2015.",Other
G1033,Star Blizzard,"SEABORGIUM, Callisto Group, TA446, COLDRIVER","Star Blizzard is a cyber espionage and influence group originating in Russia that has been active since at least 2019. Star Blizzard campaigns align closely with Russian state interests and have included persistent phishing and credential theft against academic, defense, government, NGO, and think tank organizations in NATO countries, particularly the US and the UK.",Russia
G0038,Stealth Falcon,,"Stealth Falcon is a threat group that has conducted targeted spyware attacks against Emirati journalists, activists, and dissidents since at least 2012. Circumstantial evidence suggests there could be a link between this group and the United Arab Emirates (UAE) government, but that has not been confirmed.",Other
G1053,Storm-0501,,"Storm-0501 is a financially motivated cyber criminal group that uses commodity and open-source tools to conduct ransomware operations. Storm-0501 has been active since 2021 and has previously been affiliated with Sabbath Ransomware and other Ransomware-as-a-Service (RaaS) variants such as Hive, BlackCat, Hunters International, LockBit 3.0, and Embargo ransomware.",Cyber Crime
G1046,Storm-1811,,"Storm-1811 is a financially-motivated entity linked to Black Basta ransomware deployment. Storm-1811 is notable for unique phishing and social engineering mechanisms for initial access, such as overloading victim email inboxes with non-malicious spam to prompt a fake ""help desk"" interaction leading to the deployment of adversary tools and capabilities.",Cyber Crime
G0041,Strider,ProjectSauron,"Strider is a threat group that has been active since at least 2011 and has targeted victims in Russia, China, Sweden, Belgium, Iran, and Rwanda.",China
G0039,Suckfly,,Suckfly is a China-based threat group that has been active since at least 2014.,China
G1018,TA2541,,"TA2541 is a cybercriminal group that has been targeting the aviation, aerospace, transportation, manufacturing, and defense industries since at least 2017. TA2541 campaigns are typically high volume and involve the use of commodity remote access tools obfuscated by crypters and themes related to aviation, transportation, and travel.",Other
G0062,TA459,,"TA459 is a threat group believed to operate out of China that has targeted countries including Russia, Belarus, Mongolia, and others.",China
G0092,TA505,"Hive0065, Spandex Tempest, CHIMBORAZO","TA505 is a cyber criminal group that has been active since at least 2014. TA505 is known for frequently changing malware, driving global trends in criminal malware distribution, and ransomware campaigns involving Clop.",Cyber Crime
G0127,TA551,"GOLD CABIN, Shathak","TA551 is a financially-motivated threat group that has been active since at least 2018. The group has primarily targeted English, German, Italian, and Japanese speakers through email-based malware distribution campaigns.",Other
G1037,TA577,,"TA577 is an initial access broker (IAB) that has distributed QakBot and Pikabot, and was among the first observed groups distributing Latrodectus in 2023.",Other
G1038,TA578,,"TA578 is a threat actor that has used contact forms and email to initiate communications with victims and to distribute malware including Latrodectus, IcedID, and Bumblebee.",Other
G0139,TeamTNT,,TeamTNT is a threat group that has primarily targeted cloud and containerized environments. The group as been active since at least October 2019 and has mainly focused its efforts on leveraging cloud and container resources to deploy cryptocurrency miners in victim environments.,Other
G0088,TEMP.Veles,XENOTIME,"TEMP.Veles is a Russia-based threat group that has targeted critical infrastructure. The group has been observed utilizing TRITON, a malware framework designed to manipulate industrial safety systems.",Russia
G0089,The White Company,,"The White Company is a likely state-sponsored threat actor with advanced capabilities. From 2017 through 2018, the group led an espionage campaign called Operation Shaheen targeting government and military organizations in Pakistan.",Pakistan
G0028,Threat Group-1314,TG-1314,Threat Group-1314 is an unattributed threat group that has used compromised credentials to log into a victim's remote access infrastructure.,Other
G0027,Threat Group-3390,"Earth Smilodon, TG-3390, Emissary Panda, BRONZE UNION, APT27, Iron Tiger, LuckyMouse, Linen Typhoon","Threat Group-3390 is a Chinese threat group that has extensively used strategic Web compromises to target victims. The group has been active since at least 2010 and has targeted organizations in the aerospace, government, defense, technology, energy, manufacturing and gambling/betting sectors.",China
G0076,Thrip,,"Thrip is an espionage group that has targeted satellite communications, telecoms, and defense contractor companies in the U.S. and Southeast Asia. The group uses custom malware as well as ""living off the land"" techniques.",Other
G1022,ToddyCat,,ToddyCat is a sophisticated threat group that has been active since at least 2020 using custom loaders and malware in multi-stage infection chains against government and military targets across Europe and Asia.,Other
G0131,Tonto Team,"Earth Akhlut, BRONZE HUNTLEY, CactusPete, Karma Panda","Tonto Team is a suspected Chinese state-sponsored cyber espionage threat group that has primarily targeted South Korea, Japan, Taiwan, and the United States since at least 2009; by 2020 they expanded operations to include other Asian as well as Eastern European countries. Tonto Team has targeted government, military, energy, mining, financial, education, healthcare, and technology organizations, including through the Heartbeat Campaign (2009-2012) and Operation Bitter Biscuit (2017).",China
G0134,Transparent Tribe,"COPPER FIELDSTONE, APT36, Mythic Leopard, ProjectM","Transparent Tribe is a suspected Pakistan-based threat group that has been active since at least 2013, primarily targeting diplomatic, defense, and research organizations in India and Afghanistan.",Pakistan
G0081,Tropic Trooper,"Pirate Panda, KeyBoy","Tropic Trooper is an unaffiliated threat group that has led targeted campaigns against targets in Taiwan, the Philippines, and Hong Kong. Tropic Trooper focuses on targeting government, healthcare, transportation, and high-tech industries and has been active since 2011.",Other
G0010,Turla,"IRON HUNTER, Group 88, Waterbug, WhiteBear, Snake, Krypton, Venomous Bear, Secret Blizzard, BELUGASTURGEON","Turla is a cyber espionage threat group that has been attributed to Russia's Federal Security Service (FSB). They have compromised victims in over 50 countries since at least 2004, spanning a range of industries including government, embassies, military, education, research and pharmaceutical companies. Turla is known for conducting watering hole and spearphishing campaigns, and leveraging in-house tools and malware, such as Uroburos.",Russia
G1048,UNC3886,,"UNC3886 is a China-nexus cyberespionage group that has been active since at least 2022, targeting defense, technology, and telecommunication organizations located in the United States and the Asia-Pacific-Japan (APJ) regions. UNC3886 has displayed a deep understanding of edge devices and virtualization technologies through the exploitation of zero-day vulnerabilities and the use of novel malware families and utilities.",China
G1029,UNC788,,UNC788 is a group of hackers from Iran that has targeted people in the Middle East.,Iran
G1047,Velvet Ant,,"Velvet Ant is a threat actor operating since at least 2021. Velvet Ant is associated with complex persistence mechanisms, the targeting of network devices and appliances during operations, and the use of zero day exploits.",Other
G1055,VOID MANTICORE,"COBALT MYSTIQUE, Handala Hack, Homeland Justice, Karma, Karmabelow80, BANISHED KITTEN, Red Sandstorm","VOID MANTICORE is a threat group assessed to operate on behalf of Iran’s Ministry of Intelligence and Security (MOIS). Active since at least mid-2022, VOID MANTICORE has targeted government entities, critical infrastructure, and private sector organizations across Albania, Israel, and the United States. VOID MANTICORE conducts destructive cyber operations, combining wiper attacks with hack-and-leak campaigns. The group has operated under multiple public-facing personas, including HomeLand Justice in operations against Albania, Karma and Karma Below in campaigns targeting Israeli organizations, and Handala Hack, its current primary persona, which has claimed activity against Israeli and U.S. entities, including a March 2026 attack against Stryker Corporation. VOID MANTICORE has been observed collaborating with Scarred Manticore, which has been linked to initial access operations preceding VOID MANTICORE’s activity.",Iran
G0123,Volatile Cedar,Lebanese Cedar,"Volatile Cedar is a Lebanese threat group that has targeted individuals, companies, and institutions worldwide. Volatile Cedar has been operating since 2012 and is motivated by political and ideological interests.",Other
G1017,Volt Typhoon,"BRONZE SILHOUETTE, Vanguard Panda, DEV-0391, UNC3236, Voltzite, Insidious Taurus, DazedToad","Volt Typhoon is a People's Republic of China (PRC) state-sponsored actor that has been active since at least 2021, primarily targeting critical infrastructure organizations in the US and its territories including Guam. Volt Typhoon's targeting and pattern of behavior have been assessed as pre-positioning to enable lateral movement to operational technology (OT) assets for potential destructive or disruptive attacks. Volt Typhoon has emphasized stealth in operations using web shells, living-off-the-land (LOTL) binaries, hands on keyboard activities, and stolen credentials.. The group has leveraged compromised SOHO routers to proxy command and control traffic and obscure its infrastructure, activity associated with the KV botnet..",China
G1050,Water Galura,GOLD FEATHER,"Water Galura are the operators of the Qilin Ransomware-as-a-Service (RaaS) who handle payload generation, ransom negotiations, and the publication of stolen data for Qilin affilates recruited on Russian cybercrime forums. Water Galura have been active since at least 2022 and use a double extortion model where they demand payment for providing decryption keys and for refraining from publishing the stolen data to their leak site.",Russia
G0107,Whitefly,,"Whitefly is a cyber espionage group that has been operating since at least 2017. The group has targeted organizations based mostly in Singapore across a wide variety of sectors, and is primarily interested in stealing large amounts of sensitive information. The group has been linked to an attack against Singapore’s largest public health organization, SingHealth.",Other
G0124,Windigo,,"The Windigo group has been operating since at least 2011, compromising thousands of Linux and Unix servers using the Ebury SSH backdoor to create a spam botnet. Despite law enforcement intervention against the creators, Windigo operators continued updating Ebury through 2019.",Other
G0112,Windshift,Bahamut,"Windshift is a threat group that has been active since at least 2017, targeting specific individuals for surveillance in government departments and critical infrastructure across the Middle East.",Other
G0044,Winnti Group,Blackfly,"Winnti Group is a threat group with Chinese origins that has been active since at least 2010. The group has heavily targeted the gaming industry, but it has also expanded the scope of its targeting. Some reporting suggests a number of other groups, including Axiom, APT17, and Ke3chang, are closely linked to Winnti Group.",China
G1035,Winter Vivern,"TA473, UAC-0114","Winter Vivern is a group linked to Russian and Belorussian interests active since at least 2020 targeting various European government and NGO entities, along with sporadic targeting of Indian and US victims. The group leverages a combination of document-based phishing activity and server-side exploitation for initial access, leveraging adversary-controlled and -created infrastructure for follow-on command and control.",Russia
G0090,WIRTE,Ashen Lepus,"WIRTE is a cyberespionage actor, believed to be a subgroup of the Hamas-affiliated Gaza Cybergang, that has been active since at least August 2018. WIRTE has targeted diplomatic, financial, military, legal, and technology organizations across the Middle East, North Africa, and in Europe to gather intelligence. WIRTE has remained persistently active despite the ongoing Israel-Hamas conflict and has expanded their operations to include wiper malware attacks against Israeli targets.",Other
G0102,Wizard Spider,"UNC1878, TEMP.MixMaster, Grim Spider, FIN12, GOLD BLACKBURN, ITG23, Periwinkle Tempest, DEV-0193, Pistachio Tempest, DEV-0237","Wizard Spider is a Russia-based financially motivated threat group originally known for the creation and deployment of TrickBot since at least 2016. Wizard Spider possesses a diverse arsenal of tools and has conducted ransomware campaigns against a variety of organizations, ranging from major corporations to hospitals.",Russia
G0128,ZIRCONIUM,"APT31, Violet Typhoon","ZIRCONIUM is a threat group operating out of China, active since at least 2017, that has targeted individuals associated with the 2020 US presidential election and prominent leaders in the international affairs community.",China
G1037,TA577,,"TA577 is an initial access broker (IAB) that has distributed QakBot and Pikabot, and was among the first observed groups distributing Latrodectus in 2023.",Other
G1038,TA578,,"TA578 is a threat actor that has used contact forms and email to initiate communications with victims and to distribute malware including Latrodectus, IcedID, and Bumblebee.",Other
G0139,TeamTNT,,TeamTNT is a threat group that has primarily targeted cloud and containerized environments. The group as been active since at least October 2019 and has mainly focused its efforts on leveraging cloud and container resources to deploy cryptocurrency miners in victim environments.,Other
G0088,TEMP.Veles,XENOTIME,"TEMP.Veles is a Russia-based threat group that has targeted critical infrastructure. The group has been observed utilizing TRITON, a malware framework designed to manipulate industrial safety systems.",Russia
G0089,The White Company,,"The White Company is a likely state-sponsored threat actor with advanced capabilities. From 2017 through 2018, the group led an espionage campaign called Operation Shaheen targeting government and military organizations in Pakistan.",Pakistan
G0028,Threat Group-1314,TG-1314,Threat Group-1314 is an unattributed threat group that has used compromised credentials to log into a victim's remote access infrastructure.,Other
G0027,Threat Group-3390,"Earth Smilodon, TG-3390, Emissary Panda, BRONZE UNION, APT27, Iron Tiger, LuckyMouse, Linen Typhoon","Threat Group-3390 is a Chinese threat group that has extensively used strategic Web compromises to target victims. The group has been active since at least 2010 and has targeted organizations in the aerospace, government, defense, technology, energy, manufacturing and gambling/betting sectors.",China
G0076,Thrip,,"Thrip is an espionage group that has targeted satellite communications, telecoms, and defense contractor companies in the U.S. and Southeast Asia. The group uses custom malware as well as ""living off the land"" techniques.",Other
G1022,ToddyCat,,ToddyCat is a sophisticated threat group that has been active since at least 2020 using custom loaders and malware in multi-stage infection chains against government and military targets across Europe and Asia.,Other
G0131,Tonto Team,"Earth Akhlut, BRONZE HUNTLEY, CactusPete, Karma Panda","Tonto Team is a suspected Chinese state-sponsored cyber espionage threat group that has primarily targeted South Korea, Japan, Taiwan, and the United States since at least 2009; by 2020 they expanded operations to include other Asian as well as Eastern European countries. Tonto Team has targeted government, military, energy, mining, financial, education, healthcare, and technology organizations, including through the Heartbeat Campaign (2009-2012) and Operation Bitter Biscuit (2017).",China
G0134,Transparent Tribe,"COPPER FIELDSTONE, APT36, Mythic Leopard, ProjectM","Transparent Tribe is a suspected Pakistan-based threat group that has been active since at least 2013, primarily targeting diplomatic, defense, and research organizations in India and Afghanistan.",Pakistan
G0081,Tropic Trooper,"Pirate Panda, KeyBoy","Tropic Trooper is an unaffiliated threat group that has led targeted campaigns against targets in Taiwan, the Philippines, and Hong Kong. Tropic Trooper focuses on targeting government, healthcare, transportation, and high-tech industries and has been active since 2011.",Other
G0010,Turla,"IRON HUNTER, Group 88, Waterbug, WhiteBear, Snake, Krypton, Venomous Bear, Secret Blizzard, BELUGASTURGEON","Turla is a cyber espionage threat group that has been attributed to Russia's Federal Security Service (FSB). They have compromised victims in over 50 countries since at least 2004, spanning a range of industries including government, embassies, military, education, research and pharmaceutical companies. Turla is known for conducting watering hole and spearphishing campaigns, and leveraging in-house tools and malware, such as Uroburos.",Russia
G1048,UNC3886,,"UNC3886 is a China-nexus cyberespionage group that has been active since at least 2022, targeting defense, technology, and telecommunication organizations located in the United States and the Asia-Pacific-Japan (APJ) regions. UNC3886 has displayed a deep understanding of edge devices and virtualization technologies through the exploitation of zero-day vulnerabilities and the use of novel malware families and utilities.",China
G1029,UNC788,,UNC788 is a group of hackers from Iran that has targeted people in the Middle East.,Iran
G1047,Velvet Ant,,"Velvet Ant is a threat actor operating since at least 2021. Velvet Ant is associated with complex persistence mechanisms, the targeting of network devices and appliances during operations, and the use of zero day exploits.",Other
G1055,VOID MANTICORE,"COBALT MYSTIQUE, Handala Hack, Homeland Justice, Karma, Karmabelow80, BANISHED KITTEN, Red Sandstorm","VOID MANTICORE is a threat group assessed to operate on behalf of Iran’s Ministry of Intelligence and Security (MOIS). Active since at least mid-2022, VOID MANTICORE has targeted government entities, critical infrastructure, and private sector organizations across Albania, Israel, and the United States. VOID MANTICORE conducts destructive cyber operations, combining wiper attacks with hack-and-leak campaigns. The group has operated under multiple public-facing personas, including HomeLand Justice in operations against Albania, Karma and Karma Below in campaigns targeting Israeli organizations, and Handala Hack, its current primary persona, which has claimed activity against Israeli and U.S. entities, including a March 2026 attack against Stryker Corporation. VOID MANTICORE has been observed collaborating with Scarred Manticore, which has been linked to initial access operations preceding VOID MANTICORE’s activity.",Iran
G0123,Volatile Cedar,Lebanese Cedar,"Volatile Cedar is a Lebanese threat group that has targeted individuals, companies, and institutions worldwide. Volatile Cedar has been operating since 2012 and is motivated by political and ideological interests.",Other
G1017,Volt Typhoon,"BRONZE SILHOUETTE, Vanguard Panda, DEV-0391, UNC3236, Voltzite, Insidious Taurus, DazedToad","Volt Typhoon is a People's Republic of China (PRC) state-sponsored actor that has been active since at least 2021, primarily targeting critical infrastructure organizations in the US and its territories including Guam. Volt Typhoon's targeting and pattern of behavior have been assessed as pre-positioning to enable lateral movement to operational technology (OT) assets for potential destructive or disruptive attacks. Volt Typhoon has emphasized stealth in operations using web shells, living-off-the-land (LOTL) binaries, hands on keyboard activities, and stolen credentials.. The group has leveraged compromised SOHO routers to proxy command and control traffic and obscure its infrastructure, activity associated with the KV botnet..",China
,,,,Other
,,,"Reporting indicates a separate initial access cluster, SYLVANITE, has been observed exploiting internet-facing edge devices and transferring access to Volt Typhoon, also tracked as VOLTZITE, for follow-on operations.",Other
G1050,Water Galura,GOLD FEATHER,"Water Galura are the operators of the Qilin Ransomware-as-a-Service (RaaS) who handle payload generation, ransom negotiations, and the publication of stolen data for Qilin affilates recruited on Russian cybercrime forums. Water Galura have been active since at least 2022 and use a double extortion model where they demand payment for providing decryption keys and for refraining from publishing the stolen data to their leak site.",Russia
G0107,Whitefly,,"Whitefly is a cyber espionage group that has been operating since at least 2017. The group has targeted organizations based mostly in Singapore across a wide variety of sectors, and is primarily interested in stealing large amounts of sensitive information. The group has been linked to an attack against Singapore’s largest public health organization, SingHealth.",Other
G0124,Windigo,,"The Windigo group has been operating since at least 2011, compromising thousands of Linux and Unix servers using the Ebury SSH backdoor to create a spam botnet. Despite law enforcement intervention against the creators, Windigo operators continued updating Ebury through 2019.",Other
G0112,Windshift,Bahamut,"Windshift is a threat group that has been active since at least 2017, targeting specific individuals for surveillance in government departments and critical infrastructure across the Middle East.",Other
G0044,Winnti Group,Blackfly,"Winnti Group is a threat group with Chinese origins that has been active since at least 2010. The group has heavily targeted the gaming industry, but it has also expanded the scope of its targeting. Some reporting suggests a number of other groups, including Axiom, APT17, and Ke3chang, are closely linked to Winnti Group.",China
G1035,Winter Vivern,"TA473, UAC-0114","Winter Vivern is a group linked to Russian and Belorussian interests active since at least 2020 targeting various European government and NGO entities, along with sporadic targeting of Indian and US victims. The group leverages a combination of document-based phishing activity and server-side exploitation for initial access, leveraging adversary-controlled and -created infrastructure for follow-on command and control.",Russia
G0090,WIRTE,Ashen Lepus,"WIRTE is a cyberespionage actor, believed to be a subgroup of the Hamas-affiliated Gaza Cybergang, that has been active since at least August 2018. WIRTE has targeted diplomatic, financial, military, legal, and technology organizations across the Middle East, North Africa, and in Europe to gather intelligence. WIRTE has remained persistently active despite the ongoing Israel-Hamas conflict and has expanded their operations to include wiper malware attacks against Israeli targets.",Other
G0102,Wizard Spider,"UNC1878, TEMP.MixMaster, Grim Spider, FIN12, GOLD BLACKBURN, ITG23, Periwinkle Tempest, DEV-0193, Pistachio Tempest, DEV-0237","Wizard Spider is a Russia-based financially motivated threat group originally known for the creation and deployment of TrickBot since at least 2016. Wizard Spider possesses a diverse arsenal of tools and has conducted ransomware campaigns against a variety of organizations, ranging from major corporations to hospitals.",Russia
G0128,ZIRCONIUM,"APT31, Violet Typhoon","ZIRCONIUM is a threat group operating out of China, active since at least 2017, that has targeted individuals associated with the 2020 US presidential election and prominent leaders in the international affairs community.",China
